{
  "n_valid": 132,
  "mean": 1.5478698265950273,
  "median": 0.40997328415269685,
  "p25": 0.049655925951200136,
  "p75": 1.880381563519797
}