{
  "n_valid": 132,
  "mean": 0.5786529950503113,
  "median": 0.5054411759573714,
  "p25": 0.17819978918787718,
  "p75": 0.8551651113376331
}