{
  "oot_r2": 0.9961135829984139,
  "oot_rmse": 248430.25909225058,
  "n_holdout": 4
}