{
  "rmse": 115798.93738134048,
  "mape_pct": 2.8874498875374126,
  "bias": -421.27924769118545
}